{"stats":{"minecraft:killed_by":{"minecraft:husk":5,"minecraft:zombie":1},"minecraft:picked_up":{"minecraft:stripped_mangrove_wood":2,"minecraft:ladder":2},"minecraft:custom":{"minecraft:open_barrel":2,"minecraft:time_since_rest":5572,"minecraft:open_chest":3,"minecraft:crouch_one_cm":354,"minecraft:walk_one_cm":31477,"minecraft:play_time":10983,"minecraft:sprint_one_cm":34204,"minecraft:damage_taken":1570,"minecraft:deaths":6,"minecraft:sneak_time":555,"minecraft:walk_under_water_one_cm":2179,"minecraft:boat_one_cm":25299,"minecraft:jump":146,"minecraft:damage_dealt":25,"minecraft:interact_with_blast_furnace":1,"minecraft:walk_on_water_one_cm":3274,"minecraft:time_since_death":5543,"minecraft:total_world_time":10983,"minecraft:climb_one_cm":20381,"minecraft:fall_one_cm":6057,"minecraft:fly_one_cm":31624},"minecraft:crafted":{"minecraft:mangrove_planks":8},"minecraft:used":{"minecraft:iron_chestplate":1,"minecraft:bread":1,"minecraft:mangrove_planks":8,"alexsmobs:animal_dictionary":1,"minecraft:iron_boots":1},"minecraft:mined":{"minecraft:stripped_mangrove_wood":2,"minecraft:dark_oak_planks":1,"minecraft:ladder":2}},"DataVersion":3465}