{"stats":{"minecraft:dropped":{"minecraft:iron_helmet":3,"minecraft:iron_boots":1,"minecraft:chainmail_helmet":1},"minecraft:killed":{"minecraft:zombie":1,"alexsmobs:crocodile":1,"minecraft:drowned":2},"minecraft:killed_by":{"minecraft:husk":5,"minecraft:zombie":1},"minecraft:picked_up":{"minecraft:ladder":3,"valhelsia_furniture:red_upholstered_dark_oak_stool":1,"minecraft:stone_brick_wall":1,"minecraft:oak_log":1,"minecraft:shield":1,"minecraft:item_frame":4,"minecraft:stone_bricks":29,"minecraft:wheat_seeds":1,"biomesoplenty:fir_boat":3,"minecraft:spruce_planks":2,"minecraft:spruce_slab":8,"minecraft:coal_block":2,"minecraft:stripped_mangrove_wood":2,"apotheosis:gem":4,"minecraft:green_bed":1,"minecraft:raw_iron_block":2,"minecraft:rotten_flesh":2,"relics:horse_flute":1,"waystones:waystone":1,"minecraft:iron_helmet":2,"minecraft:hay_block":24,"minecraft:chainmail_helmet":1},"minecraft:custom":{"minecraft:interact_with_smithing_table":2,"minecraft:interact_with_furnace":7,"minecraft:mob_kills":4,"minecraft:interact_with_crafting_table":5,"minecraft:open_barrel":4,"minecraft:leave_game":2,"minecraft:time_since_death":28014,"minecraft:climb_one_cm":23623,"minecraft:time_since_rest":28043,"minecraft:waystone_activated":1,"minecraft:sprint_one_cm":108118,"minecraft:damage_taken":1891,"minecraft:walk_one_cm":104819,"minecraft:trigger_trapped_chest":1,"minecraft:drop":5,"minecraft:damage_dealt":1260,"minecraft:talked_to_villager":1,"minecraft:swim_one_cm":5824,"minecraft:fly_one_cm":78481,"minecraft:open_chest":21,"minecraft:crouch_one_cm":478,"minecraft:play_time":33454,"minecraft:deaths":6,"minecraft:sneak_time":662,"minecraft:walk_under_water_one_cm":5148,"minecraft:boat_one_cm":84227,"minecraft:jump":401,"minecraft:interact_with_blast_furnace":8,"minecraft:walk_on_water_one_cm":12110,"minecraft:total_world_time":33454,"minecraft:interact_with_smoker":1,"minecraft:fall_one_cm":10421},"minecraft:used":{"minecraft:mangrove_planks":8,"minecraft:ladder":3,"minecraft:iron_sword":42,"biomesoplenty:fir_boat":2,"minecraft:iron_chestplate":1,"relics:horse_flute":5,"minecraft:iron_axe":8,"minecraft:bread":5,"minecraft:iron_pickaxe":6,"valhelsia_furniture:red_upholstered_dark_oak_stool":1,"minecraft:iron_boots":1,"minecraft:pumpkin_pie":2,"alexsmobs:animal_dictionary":1,"minecraft:iron_leggings":1},"minecraft:crafted":{"minecraft:oak_planks":4,"minecraft:iron_helmet":2,"minecraft:iron_sword":1,"minecraft:mangrove_planks":8,"minecraft:bread":9,"minecraft:air":0,"minecraft:iron_axe":1,"minecraft:stick":8,"minecraft:iron_ingot":18,"minecraft:iron_pickaxe":1,"minecraft:iron_block":2,"minecraft:iron_leggings":1,"minecraft:wheat":27},"minecraft:mined":{"minecraft:dark_oak_planks":1,"valhelsia_furniture:red_upholstered_dark_oak_stool":2,"minecraft:ladder":3,"minecraft:coal_block":2,"minecraft:hay_block":22,"minecraft:raw_iron_block":2,"minecraft:grass":1,"biomesoplenty:clover":1,"minecraft:oak_log":1,"minecraft:stripped_mangrove_wood":2,"minecraft:green_bed":1}},"DataVersion":3465}