{"stats":{"minecraft:killed":{"alexsmobs:crocodile":1,"minecraft:zombie":1,"minecraft:drowned":2},"minecraft:killed_by":{"minecraft:husk":5,"minecraft:zombie":1},"minecraft:picked_up":{"apotheosis:gem":4,"minecraft:stripped_mangrove_wood":2,"minecraft:ladder":3,"minecraft:green_bed":1,"valhelsia_furniture:red_upholstered_dark_oak_stool":1,"minecraft:stone_brick_wall":1,"minecraft:oak_log":1,"minecraft:item_frame":4,"minecraft:rotten_flesh":2,"minecraft:stone_bricks":29,"minecraft:wheat_seeds":1,"relics:horse_flute":1,"biomesoplenty:fir_boat":2,"waystones:waystone":1,"minecraft:spruce_planks":2,"minecraft:hay_block":24,"minecraft:chainmail_helmet":1,"minecraft:spruce_slab":8},"minecraft:custom":{"minecraft:time_since_rest":20033,"minecraft:interact_with_smithing_table":2,"minecraft:waystone_activated":1,"minecraft:sprint_one_cm":83396,"minecraft:damage_taken":1833,"minecraft:walk_one_cm":82268,"minecraft:trigger_trapped_chest":1,"minecraft:mob_kills":4,"minecraft:damage_dealt":1044,"minecraft:talked_to_villager":1,"minecraft:swim_one_cm":5824,"minecraft:interact_with_crafting_table":2,"minecraft:fly_one_cm":61026,"minecraft:open_barrel":3,"minecraft:open_chest":15,"minecraft:crouch_one_cm":379,"minecraft:play_time":25444,"minecraft:deaths":6,"minecraft:sneak_time":624,"minecraft:walk_under_water_one_cm":4625,"minecraft:boat_one_cm":78791,"minecraft:jump":289,"minecraft:interact_with_blast_furnace":1,"minecraft:leave_game":1,"minecraft:time_since_death":20004,"minecraft:walk_on_water_one_cm":11509,"minecraft:climb_one_cm":22587,"minecraft:total_world_time":25444,"minecraft:fall_one_cm":8633},"minecraft:crafted":{"minecraft:oak_planks":4,"minecraft:iron_axe":1,"minecraft:stick":8,"minecraft:iron_pickaxe":1,"minecraft:iron_sword":1,"minecraft:mangrove_planks":8,"minecraft:bread":9,"minecraft:wheat":27},"minecraft:used":{"relics:horse_flute":5,"minecraft:iron_axe":8,"minecraft:bread":3,"minecraft:iron_pickaxe":2,"minecraft:mangrove_planks":8,"minecraft:ladder":3,"valhelsia_furniture:red_upholstered_dark_oak_stool":1,"biomesoplenty:fir_boat":1,"minecraft:iron_sword":37,"minecraft:iron_boots":1,"minecraft:iron_chestplate":1,"minecraft:pumpkin_pie":2,"alexsmobs:animal_dictionary":1},"minecraft:mined":{"minecraft:dark_oak_planks":1,"minecraft:hay_block":22,"valhelsia_furniture:red_upholstered_dark_oak_stool":2,"minecraft:ladder":3,"minecraft:grass":1,"biomesoplenty:clover":1,"minecraft:oak_log":1,"minecraft:stripped_mangrove_wood":2,"minecraft:green_bed":1}},"DataVersion":3465}