{"stats":{"minecraft:dropped":{"minecraft:bread":34,"minecraft:iron_boots":1,"biomesoplenty:fir_sapling":1,"minecraft:cornflower":1,"minecraft:iron_chestplate":2,"minecraft:wooden_axe":1,"minecraft:stone_pickaxe":1,"minecraft:wooden_pickaxe":2},"minecraft:killed":{"minecraft:skeleton":1,"alexsmobs:crow":1,"minecraft:drowned":1},"minecraft:custom":{"minecraft:interact_with_smithing_table":1,"minecraft:interact_with_furnace":2,"minecraft:mob_kills":3,"minecraft:interact_with_crafting_table":13,"minecraft:leave_game":2,"minecraft:time_since_death":24141,"minecraft:sleep_in_bed":1,"minecraft:climb_one_cm":4078,"minecraft:time_since_rest":5590,"minecraft:sprint_one_cm":56622,"minecraft:damage_taken":870,"minecraft:walk_one_cm":79045,"minecraft:damage_blocked_by_shield":10,"minecraft:drop":10,"minecraft:damage_dealt":850,"minecraft:swim_one_cm":3074,"minecraft:fly_one_cm":49103,"minecraft:open_chest":15,"minecraft:crouch_one_cm":626,"minecraft:play_time":25474,"minecraft:sneak_time":465,"minecraft:deaths":1,"minecraft:walk_under_water_one_cm":2637,"minecraft:boat_one_cm":51309,"minecraft:jump":290,"minecraft:interact_with_blast_furnace":3,"minecraft:walk_on_water_one_cm":7389,"minecraft:total_world_time":25474,"minecraft:fall_one_cm":13502},"minecraft:picked_up":{"minecraft:birch_log":3,"minecraft:iron_chestplate":2,"minecraft:feather":1,"minecraft:andesite":2,"minecraft:golden_pickaxe":1,"minecraft:wooden_pickaxe":1,"biomesoplenty:fir_sapling":1,"biomesoplenty:fir_log":12,"minecraft:shield":1,"minecraft:cornflower":1,"minecraft:dirt":1,"minecraft:bone":1,"minecraft:wheat_seeds":1,"minecraft:cooked_chicken":1,"minecraft:iron_sword":1,"minecraft:iron_boots":2,"minecraft:raw_iron":2,"minecraft:pumpkin":6,"minecraft:green_bed":1,"minecraft:carrot":1,"minecraft:arrow":2,"minecraft:rotten_flesh":6,"minecraft:chainmail_leggings":1,"ars_nouveau:sourceberry_bush":46,"supplementaries:ash":1,"minecraft:iron_bars":1,"minecraft:coal":16,"minecraft:cobblestone":8},"minecraft:crafted":{"biomesoplenty:fir_boat":1,"minecraft:crafting_table":1,"minecraft:wooden_pickaxe":1,"minecraft:stone_axe":1,"minecraft:bread":21,"biomesoplenty:fir_planks":48,"minecraft:stick":16,"minecraft:stone_pickaxe":1,"minecraft:wooden_axe":1,"minecraft:stone_sword":1},"minecraft:used":{"minecraft:iron_bars":1,"minecraft:stone_pickaxe":23,"minecraft:wooden_pickaxe":7,"minecraft:shield":1,"minecraft:cooked_chicken":1,"minecraft:iron_chestplate":3,"minecraft:dirt":1,"minecraft:crafting_table":1,"minecraft:bread":3,"minecraft:stone_axe":35,"ars_nouveau:sourceberry_bush":38,"minecraft:andesite":2},"minecraft:mined":{"minecraft:grass_block":1,"ars_nouveau:sourceberry_bush":21,"minecraft:birch_log":3,"minecraft:iron_ore":2,"minecraft:andesite":2,"minecraft:pumpkin":8,"biomesoplenty:fir_log":12,"minecraft:grass":3,"biomesoplenty:fir_leaves":10,"minecraft:coal_ore":16,"minecraft:iron_bars":1,"minecraft:stone":8,"minecraft:green_bed":1,"minecraft:fern":4}},"DataVersion":3465}