{"stats":{"minecraft:dropped":{"minecraft:gravel":8,"minecraft:bread":34,"minecraft:iron_sword":1,"minecraft:stone_axe":1,"minecraft:green_bed":1,"biomesoplenty:fir_boat":1,"minecraft:iron_helmet":1,"minecraft:oak_planks":20,"minecraft:iron_boots":1,"minecraft:saddle":1,"minecraft:chainmail_helmet":1,"minecraft:carrot":1,"biomesoplenty:fir_sapling":1,"minecraft:trident":1,"minecraft:cornflower":1,"minecraft:iron_chestplate":2,"minecraft:wooden_axe":1,"apotheosis:gem":10,"minecraft:wooden_pickaxe":2,"minecraft:stone_pickaxe":1,"minecraft:iron_shovel":1,"minecraft:cyan_carpet":1},"minecraft:killed":{"minecraft:skeleton":1,"minecraft:zombie":2,"minecraft:drowned":1,"alexsmobs:crow":1},"minecraft:broken":{"minecraft:golden_pickaxe":1},"minecraft:custom":{"minecraft:interact_with_smithing_table":1,"minecraft:interact_with_furnace":2,"minecraft:mob_kills":5,"minecraft:interact_with_crafting_table":18,"minecraft:open_barrel":19,"minecraft:leave_game":3,"minecraft:time_since_death":53153,"minecraft:sleep_in_bed":2,"minecraft:climb_one_cm":4419,"minecraft:time_since_rest":343,"minecraft:sprint_one_cm":119110,"minecraft:damage_taken":1155,"minecraft:walk_one_cm":137067,"minecraft:damage_blocked_by_shield":10,"minecraft:drop":36,"minecraft:damage_dealt":1271,"minecraft:swim_one_cm":4264,"minecraft:fly_one_cm":139508,"minecraft:open_chest":44,"minecraft:crouch_one_cm":6050,"minecraft:play_time":54486,"minecraft:sneak_time":533,"minecraft:deaths":1,"minecraft:walk_under_water_one_cm":5293,"minecraft:boat_one_cm":51309,"minecraft:jump":620,"minecraft:interact_with_blast_furnace":3,"minecraft:interact_with_smoker":22,"minecraft:walk_on_water_one_cm":8780,"minecraft:total_world_time":54486,"minecraft:fall_one_cm":19291},"minecraft:picked_up":{"minecraft:birch_log":3,"minecraft:crafting_table":1,"minecraft:iron_chestplate":2,"minecraft:feather":1,"minecraft:andesite":2,"minecraft:golden_pickaxe":1,"minecraft:wooden_pickaxe":1,"biomesoplenty:fir_sapling":1,"biomesoplenty:fir_log":12,"minecraft:flint":1,"waystones:sandy_waystone":1,"minecraft:oak_log":5,"minecraft:shield":1,"minecraft:cornflower":1,"minecraft:dirt":18,"minecraft:item_frame":3,"minecraft:bone":1,"minecraft:cyan_carpet":1,"minecraft:wheat_seeds":2,"minecraft:spruce_planks":1,"minecraft:cooked_chicken":1,"relics:infinity_ham":1,"valhelsia_structures:doused_torch":1,"minecraft:iron_sword":1,"minecraft:iron_boots":2,"minecraft:raw_iron":3,"minecraft:dark_oak_slab":2,"apotheosis:gem":7,"minecraft:pumpkin":6,"minecraft:torch":2,"minecraft:green_bed":1,"minecraft:gravel":12,"minecraft:carrot":1,"minecraft:tnt":3,"minecraft:rotten_flesh":6,"minecraft:arrow":2,"waystones:waystone":1,"minecraft:chainmail_leggings":1,"minecraft:chainmail_helmet":1,"supplementaries:ash":1,"ars_nouveau:sourceberry_bush":46,"minecraft:coal":16,"minecraft:iron_bars":1,"minecraft:cobblestone":22},"minecraft:crafted":{"minecraft:oak_planks":20,"farmersdelight:cooked_mutton_chops":4,"biomesoplenty:fir_boat":1,"minecraft:cooked_porkchop":6,"minecraft:crafting_table":2,"minecraft:wooden_pickaxe":1,"minecraft:stone_axe":1,"farmersdelight:beef_patty":6,"minecraft:cooked_mutton":7,"minecraft:bread":21,"minecraft:air":0,"minecraft:flint_and_steel":1,"biomesoplenty:fir_planks":48,"minecraft:iron_axe":1,"minecraft:stick":16,"minecraft:iron_pickaxe":1,"minecraft:stone_pickaxe":1,"minecraft:wooden_axe":1,"farmersdelight:cooked_bacon":5,"minecraft:stone_sword":1,"minecraft:torch":20},"minecraft:used":{"minecraft:trident":1,"minecraft:iron_bars":1,"minecraft:iron_shovel":31,"minecraft:stone_pickaxe":23,"minecraft:wooden_pickaxe":7,"minecraft:shield":1,"minecraft:iron_sword":11,"biomesoplenty:fir_planks":3,"minecraft:cooked_chicken":1,"minecraft:iron_chestplate":3,"minecraft:torch":4,"minecraft:dirt":1,"minecraft:crafting_table":2,"minecraft:iron_axe":4,"minecraft:bread":6,"minecraft:iron_pickaxe":1,"valhelsia_structures:doused_torch":1,"minecraft:dark_oak_slab":1,"minecraft:gravel":4,"minecraft:stone_axe":46,"minecraft:cobblestone":4,"ars_nouveau:sourceberry_bush":38,"minecraft:andesite":2,"minecraft:cooked_beef":2,"minecraft:golden_pickaxe":14},"minecraft:mined":{"minecraft:spruce_planks":1,"minecraft:powder_snow":12,"minecraft:crafting_table":1,"minecraft:torch":2,"minecraft:grass_block":9,"ars_nouveau:sourceberry_bush":21,"minecraft:dark_oak_slab":2,"minecraft:birch_log":3,"minecraft:iron_ore":3,"minecraft:andesite":2,"minecraft:pumpkin":8,"minecraft:tnt":3,"biomesoplenty:fir_log":12,"monsters_and_girls:snowball_log":11,"minecraft:grass":4,"minecraft:oak_log":5,"minecraft:coal_ore":16,"biomesoplenty:fir_leaves":10,"minecraft:iron_bars":1,"minecraft:cyan_carpet":2,"minecraft:gravel":5,"minecraft:dirt":9,"minecraft:stone":22,"valhelsia_structures:doused_wall_torch":1,"minecraft:cake":1,"minecraft:green_bed":1,"minecraft:fern":4}},"DataVersion":3465}