{"stats":{"minecraft:dropped":{"alexsmobs:animal_dictionary":1,"ars_nouveau:worn_notebook":1,"monsters_and_girls:monsters_and_girls_changelog":1,"patchouli:guide_book":2},"minecraft:custom":{"minecraft:jump":172,"minecraft:time_since_rest":13013,"minecraft:leave_game":1,"minecraft:crouch_one_cm":169,"minecraft:sprint_one_cm":8261,"minecraft:play_time":13013,"minecraft:damage_taken":40,"minecraft:time_since_death":13013,"minecraft:walk_one_cm":14793,"minecraft:sneak_time":23,"minecraft:total_world_time":13013,"minecraft:drop":5,"minecraft:fall_one_cm":9263,"minecraft:fly_one_cm":27000}},"DataVersion":3465}