{"stats":{"minecraft:killed_by":{"minecraft:drowned":1},"minecraft:dropped":{"minecraft:fire_charge":1,"minecraft:gold_nugget":8,"ars_nouveau:worn_notebook":1,"minecraft:stone":1,"monsters_and_girls:monsters_and_girls_changelog":1,"minecraft:iron_nugget":27,"minecraft:allium":2,"minecraft:lilac":1,"alexsmobs:animal_dictionary":1,"patchouli:guide_book":2,"ars_nouveau:wilden_wing":3,"minecraft:oak_sapling":2},"minecraft:custom":{"minecraft:time_since_rest":381,"minecraft:open_chest":1,"minecraft:deaths":2,"minecraft:crouch_one_cm":456,"minecraft:sprint_one_cm":18367,"minecraft:play_time":20041,"minecraft:damage_taken":604,"minecraft:walk_one_cm":32179,"minecraft:sneak_time":82,"minecraft:walk_under_water_one_cm":321,"minecraft:drop":49,"minecraft:jump":388,"minecraft:leave_game":1,"minecraft:time_since_death":339,"minecraft:walk_on_water_one_cm":386,"minecraft:total_world_time":20041,"minecraft:swim_one_cm":1096,"minecraft:fall_one_cm":19780,"minecraft:fly_one_cm":58370},"minecraft:picked_up":{"minecraft:stone":1,"minecraft:lilac":1,"minecraft:wheat_seeds":1,"minecraft:lava_bucket":1,"minecraft:oak_sapling":2,"man_of_many_planes:economy_plane":1,"minecraft:dirt":1,"minecraft:allium":2},"minecraft:used":{"minecraft:dirt":1,"minecraft:turtle_helmet":1,"man_of_many_planes:economy_plane":1},"minecraft:mined":{"minecraft:grass_block":1}},"DataVersion":3465}