{"stats":{"minecraft:dropped":{"minecraft:bread":34,"minecraft:iron_sword":1,"minecraft:stone_axe":1,"minecraft:green_bed":1,"minecraft:oak_planks":20,"minecraft:iron_boots":1,"minecraft:saddle":1,"biomesoplenty:fir_sapling":1,"minecraft:cornflower":1,"minecraft:iron_chestplate":2,"minecraft:wooden_axe":1,"minecraft:wooden_pickaxe":2,"minecraft:stone_pickaxe":1,"minecraft:iron_shovel":1},"minecraft:killed":{"minecraft:skeleton":1,"minecraft:drowned":1,"alexsmobs:crow":1},"minecraft:broken":{"minecraft:golden_pickaxe":1},"minecraft:custom":{"minecraft:interact_with_smithing_table":1,"minecraft:interact_with_furnace":2,"minecraft:mob_kills":3,"minecraft:interact_with_crafting_table":15,"minecraft:open_barrel":9,"minecraft:leave_game":3,"minecraft:time_since_death":32396,"minecraft:sleep_in_bed":1,"minecraft:climb_one_cm":4419,"minecraft:time_since_rest":13845,"minecraft:sprint_one_cm":79459,"minecraft:damage_taken":900,"minecraft:walk_one_cm":95459,"minecraft:damage_blocked_by_shield":10,"minecraft:drop":16,"minecraft:damage_dealt":870,"minecraft:swim_one_cm":3172,"minecraft:fly_one_cm":98215,"minecraft:open_chest":21,"minecraft:crouch_one_cm":1822,"minecraft:play_time":33729,"minecraft:deaths":1,"minecraft:sneak_time":512,"minecraft:walk_under_water_one_cm":3104,"minecraft:boat_one_cm":51309,"minecraft:jump":461,"minecraft:interact_with_blast_furnace":3,"minecraft:walk_on_water_one_cm":8207,"minecraft:total_world_time":33729,"minecraft:fall_one_cm":18440},"minecraft:picked_up":{"minecraft:birch_log":3,"minecraft:iron_chestplate":2,"minecraft:feather":1,"minecraft:andesite":2,"minecraft:golden_pickaxe":1,"minecraft:wooden_pickaxe":1,"biomesoplenty:fir_sapling":1,"biomesoplenty:fir_log":12,"minecraft:oak_log":5,"minecraft:shield":1,"minecraft:cornflower":1,"minecraft:dirt":18,"minecraft:bone":1,"minecraft:wheat_seeds":2,"minecraft:cooked_chicken":1,"minecraft:iron_sword":1,"minecraft:iron_boots":2,"minecraft:raw_iron":2,"minecraft:pumpkin":6,"minecraft:green_bed":1,"minecraft:carrot":1,"minecraft:rotten_flesh":6,"minecraft:arrow":2,"minecraft:chainmail_leggings":1,"supplementaries:ash":1,"ars_nouveau:sourceberry_bush":46,"minecraft:coal":16,"minecraft:iron_bars":1,"minecraft:cobblestone":22},"minecraft:crafted":{"minecraft:oak_planks":20,"biomesoplenty:fir_boat":1,"minecraft:crafting_table":1,"minecraft:wooden_pickaxe":1,"minecraft:stone_axe":1,"minecraft:bread":21,"biomesoplenty:fir_planks":48,"minecraft:stick":16,"minecraft:stone_pickaxe":1,"minecraft:wooden_axe":1,"minecraft:stone_sword":1},"minecraft:used":{"minecraft:iron_bars":1,"minecraft:iron_shovel":30,"minecraft:stone_pickaxe":23,"minecraft:wooden_pickaxe":7,"minecraft:shield":1,"minecraft:cooked_chicken":1,"minecraft:iron_chestplate":3,"minecraft:dirt":1,"minecraft:crafting_table":1,"minecraft:bread":6,"minecraft:stone_axe":46,"minecraft:cobblestone":2,"ars_nouveau:sourceberry_bush":38,"minecraft:andesite":2,"minecraft:golden_pickaxe":14},"minecraft:mined":{"minecraft:powder_snow":12,"minecraft:grass_block":9,"ars_nouveau:sourceberry_bush":21,"minecraft:birch_log":3,"minecraft:iron_ore":2,"minecraft:andesite":2,"minecraft:pumpkin":8,"biomesoplenty:fir_log":12,"monsters_and_girls:snowball_log":11,"minecraft:grass":4,"minecraft:oak_log":5,"minecraft:coal_ore":16,"biomesoplenty:fir_leaves":10,"minecraft:iron_bars":1,"minecraft:dirt":9,"minecraft:stone":22,"minecraft:cake":1,"minecraft:green_bed":1,"minecraft:fern":4}},"DataVersion":3465}