{"stats":{"minecraft:dropped":{"minecraft:cornflower":1,"minecraft:wooden_axe":1,"minecraft:wooden_pickaxe":2,"biomesoplenty:fir_sapling":1},"minecraft:killed":{"alexsmobs:crow":1},"minecraft:picked_up":{"minecraft:raw_iron":2,"minecraft:feather":1,"minecraft:pumpkin":6,"minecraft:andesite":2,"minecraft:wooden_pickaxe":1,"biomesoplenty:fir_sapling":1,"biomesoplenty:fir_log":12,"minecraft:cornflower":1,"minecraft:dirt":1,"minecraft:wheat_seeds":1,"ars_nouveau:sourceberry_bush":19,"minecraft:coal":16,"minecraft:iron_bars":1,"minecraft:cobblestone":8},"minecraft:custom":{"minecraft:time_since_rest":9799,"minecraft:interact_with_furnace":1,"minecraft:sprint_one_cm":27717,"minecraft:damage_taken":530,"minecraft:walk_one_cm":42718,"minecraft:mob_kills":1,"minecraft:drop":5,"minecraft:damage_dealt":80,"minecraft:swim_one_cm":456,"minecraft:interact_with_crafting_table":3,"minecraft:fly_one_cm":34790,"minecraft:open_chest":3,"minecraft:crouch_one_cm":626,"minecraft:play_time":11108,"minecraft:deaths":1,"minecraft:sneak_time":465,"minecraft:walk_under_water_one_cm":283,"minecraft:jump":215,"minecraft:interact_with_blast_furnace":3,"minecraft:leave_game":1,"minecraft:walk_on_water_one_cm":436,"minecraft:time_since_death":9775,"minecraft:climb_one_cm":4078,"minecraft:total_world_time":11108,"minecraft:fall_one_cm":12616},"minecraft:used":{"minecraft:iron_bars":1,"minecraft:stone_pickaxe":23,"minecraft:wooden_pickaxe":7,"minecraft:stone_axe":17,"minecraft:dirt":1,"ars_nouveau:sourceberry_bush":4,"minecraft:andesite":2},"minecraft:crafted":{"biomesoplenty:fir_planks":48,"minecraft:stick":16,"minecraft:wooden_pickaxe":1,"minecraft:stone_pickaxe":1,"minecraft:wooden_axe":1,"minecraft:stone_axe":1},"minecraft:mined":{"minecraft:iron_ore":2,"minecraft:andesite":2,"minecraft:pumpkin":8,"biomesoplenty:fir_log":12,"minecraft:grass":2,"minecraft:grass_block":1,"minecraft:coal_ore":16,"biomesoplenty:fir_leaves":10,"minecraft:iron_bars":1,"ars_nouveau:sourceberry_bush":7,"minecraft:stone":8,"minecraft:fern":2}},"DataVersion":3465}