{"stats":{"minecraft:custom":{"minecraft:jump":325,"minecraft:time_since_rest":86657,"minecraft:damage_dealt":95,"minecraft:crouch_one_cm":132,"minecraft:leave_game":7,"minecraft:play_time":86657,"minecraft:sprint_one_cm":31097,"minecraft:time_since_death":86657,"minecraft:walk_one_cm":23403,"minecraft:sneak_time":47,"minecraft:total_world_time":86657,"minecraft:fall_one_cm":2206,"minecraft:fly_one_cm":175462},"minecraft:used":{"ribbits:ribbit_sorcerer_spawn_egg":1,"minecraft:dirt":9,"ribbits:ribbit_nitwit_spawn_egg":1}},"DataVersion":3465}