{"stats":{"minecraft:killed_by":{"minecraft:zombie":1},"minecraft:picked_up":{"minecraft:dirt":2},"minecraft:custom":{"minecraft:jump":89,"minecraft:time_since_rest":594,"minecraft:deaths":1,"minecraft:leave_game":4,"minecraft:crouch_one_cm":760,"minecraft:play_time":7967,"minecraft:sprint_one_cm":8545,"minecraft:damage_taken":380,"minecraft:time_since_death":0,"minecraft:walk_one_cm":7518,"minecraft:total_world_time":7967,"minecraft:sneak_time":218,"minecraft:climb_one_cm":14497,"minecraft:fall_one_cm":4022,"minecraft:fly_one_cm":37656},"minecraft:used":{"minecraft:dirt":2},"minecraft:mined":{"minecraft:grass_block":2,"biomesoplenty:fir_leaves":1}},"DataVersion":3465}