{"stats":{"minecraft:custom":{"minecraft:jump":209,"minecraft:time_since_rest":62657,"minecraft:damage_dealt":95,"minecraft:crouch_one_cm":132,"minecraft:leave_game":7,"minecraft:play_time":62657,"minecraft:sprint_one_cm":18238,"minecraft:time_since_death":62657,"minecraft:walk_one_cm":17839,"minecraft:sneak_time":22,"minecraft:total_world_time":62657,"minecraft:fall_one_cm":2206,"minecraft:fly_one_cm":75254},"minecraft:used":{"ribbits:ribbit_sorcerer_spawn_egg":1,"minecraft:dirt":9,"ribbits:ribbit_nitwit_spawn_egg":1}},"DataVersion":3465}