{"stats":{"minecraft:custom":{"minecraft:jump":293,"minecraft:time_since_rest":74657,"minecraft:damage_dealt":95,"minecraft:crouch_one_cm":132,"minecraft:leave_game":7,"minecraft:play_time":74657,"minecraft:sprint_one_cm":26697,"minecraft:time_since_death":74657,"minecraft:walk_one_cm":20408,"minecraft:sneak_time":47,"minecraft:total_world_time":74657,"minecraft:fall_one_cm":2206,"minecraft:fly_one_cm":152345},"minecraft:used":{"ribbits:ribbit_sorcerer_spawn_egg":1,"minecraft:dirt":9,"ribbits:ribbit_nitwit_spawn_egg":1}},"DataVersion":3465}