{"stats":{"minecraft:dropped":{"minecraft:bread":1,"minecraft:anvil":1,"minecraft:cooked_chicken":1,"minecraft:crossbow":1,"minecraft:beetroot":1,"supplementaries:ash":2,"minecraft:shield":1,"minecraft:iron_chestplate":1,"minecraft:music_disc_stal":1,"minecraft:white_wool":3},"minecraft:killed":{"minecraft:skeleton":1,"minecraft:zombie":10},"minecraft:killed_by":{"minecraft:zombie":1},"minecraft:picked_up":{"minecraft:iron_chestplate":1,"minecraft:crafting_table":1,"minecraft:anvil":2,"minecraft:smithing_table":2,"minecraft:potato":2,"waystones:sandy_waystone":1,"minecraft:shield":1,"minecraft:dirt":4,"minecraft:beetroot_soup":1,"minecraft:beetroot":3,"minecraft:melon_slice":12,"minecraft:green_bed":1,"minecraft:gravel":1,"minecraft:sand":10,"minecraft:spruce_log":7,"quark:oak_chest":2,"minecraft:rotten_flesh":4,"minecraft:spruce_boat":2,"minecraft:crossbow":1,"minecraft:bread":1,"supplementaries:ash":2,"minecraft:white_wool":3},"minecraft:custom":{"minecraft:interact_with_smithing_table":5,"minecraft:mob_kills":12,"minecraft:interact_with_crafting_table":5,"minecraft:leave_game":5,"minecraft:time_since_death":46063,"minecraft:climb_one_cm":14838,"minecraft:time_since_rest":46771,"minecraft:waystone_activated":1,"minecraft:sprint_one_cm":139209,"minecraft:damage_taken":861,"minecraft:walk_one_cm":101449,"minecraft:drop":10,"minecraft:damage_dealt":1160,"minecraft:swim_one_cm":20875,"minecraft:talked_to_villager":3,"minecraft:fly_one_cm":213496,"minecraft:open_chest":29,"minecraft:crouch_one_cm":4763,"minecraft:play_time":54144,"minecraft:deaths":1,"minecraft:sneak_time":1095,"minecraft:walk_under_water_one_cm":4128,"minecraft:boat_one_cm":59024,"minecraft:jump":814,"minecraft:walk_on_water_one_cm":15390,"minecraft:total_world_time":54144,"minecraft:fall_one_cm":26270},"minecraft:crafted":{"minecraft:crafting_table":1,"minecraft:spruce_planks":28,"minecraft:air":0,"minecraft:shield":1,"minecraft:stick":4,"minecraft:wooden_axe":1,"minecraft:spruce_boat":1},"minecraft:used":{"minecraft:beetroot":1,"minecraft:iron_shovel":23,"minecraft:spruce_planks":8,"minecraft:iron_sword":18,"minecraft:cooked_chicken":2,"minecraft:iron_chestplate":3,"minecraft:dirt":4,"minecraft:sand":10,"minecraft:crafting_table":1,"minecraft:spruce_boat":2,"minecraft:wooden_axe":1,"minecraft:bread":5,"minecraft:iron_axe":3,"minecraft:melon_slice":5,"minecraft:iron_pickaxe":4,"minecraft:gravel":1,"minecraft:smithing_table":1,"minecraft:beetroot_soup":1,"minecraft:iron_leggings":1},"minecraft:mined":{"minecraft:smithing_table":2,"verdantvibes:bracket_mushroom":1,"quark:oak_chest":2,"minecraft:powder_snow":38,"minecraft:crafting_table":1,"minecraft:cornflower":1,"minecraft:grass_block":4,"minecraft:melon":2,"minecraft:spruce_log":7,"minecraft:anvil":1,"minecraft:grass":1,"biomesoplenty:fir_leaves":1,"minecraft:gravel":1,"minecraft:sand":10,"minecraft:green_bed":1}},"DataVersion":3465}