{"stats":{"minecraft:killed_by":{"minecraft:zombie":1},"minecraft:picked_up":{"minecraft:potato":2,"minecraft:sand":4,"minecraft:spruce_log":7,"quark:oak_chest":2,"minecraft:dirt":4,"minecraft:beetroot_soup":1,"minecraft:beetroot":2,"minecraft:melon_slice":12},"minecraft:custom":{"minecraft:time_since_rest":12184,"minecraft:sprint_one_cm":46121,"minecraft:damage_taken":619,"minecraft:walk_one_cm":37084,"minecraft:mob_kills":1,"minecraft:damage_dealt":38,"minecraft:swim_one_cm":1601,"minecraft:interact_with_crafting_table":1,"minecraft:fly_one_cm":80382,"minecraft:open_chest":6,"minecraft:crouch_one_cm":2712,"minecraft:play_time":19557,"minecraft:walk_under_water_one_cm":426,"minecraft:deaths":1,"minecraft:sneak_time":553,"minecraft:jump":291,"minecraft:leave_game":4,"minecraft:time_since_death":11476,"minecraft:walk_on_water_one_cm":3735,"minecraft:total_world_time":19557,"minecraft:climb_one_cm":14838,"minecraft:fall_one_cm":11231},"minecraft:crafted":{"minecraft:spruce_planks":28,"minecraft:stick":4,"minecraft:wooden_axe":1},"minecraft:used":{"minecraft:beetroot":1,"minecraft:wooden_axe":1,"minecraft:iron_axe":2,"minecraft:spruce_planks":1,"minecraft:cooked_chicken":1,"minecraft:iron_chestplate":1,"minecraft:dirt":4,"minecraft:sand":4,"minecraft:beetroot_soup":1},"minecraft:mined":{"verdantvibes:bracket_mushroom":1,"quark:oak_chest":2,"minecraft:spruce_log":7,"minecraft:cornflower":1,"minecraft:grass":1,"minecraft:grass_block":4,"minecraft:melon":2,"biomesoplenty:fir_leaves":1,"minecraft:sand":4}},"DataVersion":3465}