{"stats":{"minecraft:dropped":{"minecraft:lava_bucket":1,"man_of_many_planes:economy_plane":1},"minecraft:custom":{"minecraft:time_since_rest":98657,"minecraft:crouch_one_cm":360,"minecraft:sprint_one_cm":41643,"minecraft:play_time":98657,"minecraft:walk_one_cm":39664,"minecraft:sneak_time":268,"minecraft:walk_under_water_one_cm":4809,"minecraft:drop":2,"minecraft:jump":444,"minecraft:damage_dealt":115,"minecraft:leave_game":7,"minecraft:time_since_death":98657,"minecraft:walk_on_water_one_cm":1102,"minecraft:total_world_time":98657,"minecraft:fall_one_cm":2206,"minecraft:fly_one_cm":235524},"minecraft:picked_up":{"patchouli:guide_book":2,"ars_nouveau:worn_notebook":1,"monsters_and_girls:monsters_and_girls_changelog":1,"alexsmobs:animal_dictionary":1},"minecraft:used":{"minecraft:dirt":9,"ribbits:ribbit_sorcerer_spawn_egg":1,"ribbits:ribbit_nitwit_spawn_egg":1}},"DataVersion":3465}