{"stats":{"minecraft:custom":{"minecraft:jump":144,"minecraft:time_since_rest":44450,"minecraft:damage_dealt":95,"minecraft:crouch_one_cm":132,"minecraft:leave_game":6,"minecraft:play_time":44450,"minecraft:sprint_one_cm":13908,"minecraft:time_since_death":44450,"minecraft:walk_one_cm":14669,"minecraft:sneak_time":22,"minecraft:total_world_time":44450,"minecraft:fall_one_cm":2206,"minecraft:fly_one_cm":51225},"minecraft:used":{"ribbits:ribbit_sorcerer_spawn_egg":1,"minecraft:dirt":9,"ribbits:ribbit_nitwit_spawn_egg":1}},"DataVersion":3465}