{"stats":{"minecraft:custom":{"minecraft:jump":175,"minecraft:time_since_rest":55493,"minecraft:damage_dealt":95,"minecraft:crouch_one_cm":132,"minecraft:leave_game":6,"minecraft:play_time":55493,"minecraft:sprint_one_cm":15453,"minecraft:time_since_death":55493,"minecraft:walk_one_cm":16146,"minecraft:sneak_time":22,"minecraft:total_world_time":55493,"minecraft:fall_one_cm":2206,"minecraft:fly_one_cm":66321},"minecraft:used":{"ribbits:ribbit_sorcerer_spawn_egg":1,"minecraft:dirt":9,"ribbits:ribbit_nitwit_spawn_egg":1}},"DataVersion":3465}