{"stats":{"minecraft:dropped":{"minecraft:cooked_chicken":1,"minecraft:iron_chestplate":1},"minecraft:killed":{"minecraft:skeleton":1,"minecraft:zombie":10},"minecraft:killed_by":{"minecraft:zombie":1},"minecraft:picked_up":{"minecraft:crafting_table":1,"minecraft:iron_chestplate":1,"minecraft:green_bed":1,"minecraft:potato":2,"minecraft:sand":4,"minecraft:spruce_log":7,"quark:oak_chest":2,"minecraft:dirt":4,"minecraft:beetroot_soup":1,"minecraft:rotten_flesh":4,"minecraft:beetroot":2,"minecraft:spruce_boat":1,"supplementaries:ash":2,"minecraft:melon_slice":12},"minecraft:custom":{"minecraft:time_since_rest":27051,"minecraft:sprint_one_cm":65862,"minecraft:damage_taken":771,"minecraft:walk_one_cm":62001,"minecraft:mob_kills":12,"minecraft:drop":2,"minecraft:damage_dealt":1154,"minecraft:talked_to_villager":3,"minecraft:swim_one_cm":17642,"minecraft:interact_with_crafting_table":5,"minecraft:fly_one_cm":96664,"minecraft:open_chest":23,"minecraft:crouch_one_cm":2989,"minecraft:play_time":34424,"minecraft:walk_under_water_one_cm":4011,"minecraft:deaths":1,"minecraft:sneak_time":667,"minecraft:boat_one_cm":51472,"minecraft:jump":374,"minecraft:leave_game":5,"minecraft:time_since_death":26343,"minecraft:walk_on_water_one_cm":12372,"minecraft:total_world_time":34424,"minecraft:climb_one_cm":14838,"minecraft:fall_one_cm":13174},"minecraft:crafted":{"minecraft:shield":1,"minecraft:crafting_table":1,"minecraft:spruce_planks":28,"minecraft:stick":4,"minecraft:wooden_axe":1,"minecraft:spruce_boat":1},"minecraft:used":{"minecraft:spruce_boat":1,"minecraft:beetroot":1,"minecraft:wooden_axe":1,"minecraft:iron_axe":3,"minecraft:bread":1,"minecraft:spruce_planks":1,"minecraft:iron_sword":18,"minecraft:cooked_chicken":2,"minecraft:iron_chestplate":3,"minecraft:dirt":4,"minecraft:sand":4,"minecraft:crafting_table":1,"minecraft:iron_leggings":1,"minecraft:beetroot_soup":1},"minecraft:mined":{"verdantvibes:bracket_mushroom":1,"quark:oak_chest":2,"minecraft:spruce_log":7,"minecraft:powder_snow":3,"minecraft:crafting_table":1,"minecraft:cornflower":1,"minecraft:grass":1,"minecraft:grass_block":4,"minecraft:melon":2,"biomesoplenty:fir_leaves":1,"minecraft:sand":4,"minecraft:green_bed":1}},"DataVersion":3465}