{"stats":{"minecraft:dropped":{"minecraft:anvil":1,"minecraft:cooked_chicken":1,"minecraft:crossbow":1,"minecraft:beetroot":1,"supplementaries:ash":2,"minecraft:shield":1,"minecraft:iron_chestplate":1,"minecraft:music_disc_stal":1,"minecraft:white_wool":3},"minecraft:killed":{"minecraft:skeleton":1,"minecraft:zombie":10},"minecraft:killed_by":{"minecraft:zombie":1},"minecraft:picked_up":{"minecraft:iron_chestplate":1,"minecraft:crafting_table":1,"minecraft:anvil":2,"minecraft:smithing_table":2,"minecraft:potato":2,"waystones:sandy_waystone":1,"minecraft:shield":1,"minecraft:dirt":4,"minecraft:beetroot_soup":1,"minecraft:beetroot":3,"minecraft:melon_slice":12,"minecraft:green_bed":1,"minecraft:sand":10,"minecraft:spruce_log":7,"quark:oak_chest":2,"minecraft:rotten_flesh":4,"minecraft:spruce_boat":1,"minecraft:crossbow":1,"supplementaries:ash":2,"minecraft:white_wool":3},"minecraft:custom":{"minecraft:interact_with_smithing_table":5,"minecraft:mob_kills":12,"minecraft:interact_with_crafting_table":5,"minecraft:leave_game":5,"minecraft:time_since_death":34063,"minecraft:climb_one_cm":14838,"minecraft:time_since_rest":34771,"minecraft:waystone_activated":1,"minecraft:sprint_one_cm":78114,"minecraft:damage_taken":801,"minecraft:walk_one_cm":78668,"minecraft:drop":9,"minecraft:damage_dealt":1160,"minecraft:swim_one_cm":17642,"minecraft:talked_to_villager":3,"minecraft:fly_one_cm":106403,"minecraft:open_chest":25,"minecraft:crouch_one_cm":4386,"minecraft:play_time":42144,"minecraft:deaths":1,"minecraft:sneak_time":1032,"minecraft:walk_under_water_one_cm":4011,"minecraft:boat_one_cm":51472,"minecraft:jump":436,"minecraft:walk_on_water_one_cm":12372,"minecraft:total_world_time":42144,"minecraft:fall_one_cm":14540},"minecraft:crafted":{"minecraft:crafting_table":1,"minecraft:spruce_planks":28,"minecraft:air":0,"minecraft:shield":1,"minecraft:stick":4,"minecraft:wooden_axe":1,"minecraft:spruce_boat":1},"minecraft:used":{"minecraft:beetroot":1,"minecraft:iron_shovel":23,"minecraft:spruce_planks":8,"minecraft:iron_sword":18,"minecraft:cooked_chicken":2,"minecraft:iron_chestplate":3,"minecraft:dirt":4,"minecraft:sand":10,"minecraft:crafting_table":1,"minecraft:spruce_boat":1,"minecraft:wooden_axe":1,"minecraft:bread":2,"minecraft:iron_axe":3,"minecraft:melon_slice":3,"minecraft:iron_pickaxe":4,"minecraft:smithing_table":1,"minecraft:beetroot_soup":1,"minecraft:iron_leggings":1},"minecraft:mined":{"minecraft:smithing_table":2,"verdantvibes:bracket_mushroom":1,"quark:oak_chest":2,"minecraft:powder_snow":36,"minecraft:crafting_table":1,"minecraft:cornflower":1,"minecraft:grass_block":4,"minecraft:melon":2,"minecraft:spruce_log":7,"minecraft:anvil":1,"minecraft:grass":1,"biomesoplenty:fir_leaves":1,"minecraft:sand":10,"minecraft:green_bed":1}},"DataVersion":3465}