{"stats":{"minecraft:dropped":{"minecraft:wooden_axe":1,"minecraft:rotten_flesh":2,"minecraft:wooden_pickaxe":1,"relics:horse_flute":1,"minecraft:chainmail_helmet":1,"relics:wool_mitten":1},"minecraft:killed":{"minecraft:zombie":2},"minecraft:killed_by":{"minecraft:husk":2},"minecraft:picked_up":{"minecraft:pumpkin":1,"valhelsia_furniture:red_upholstered_dark_oak_stool":1,"alexsmobs:crocodile_egg":1,"biomesoplenty:fir_log":9,"relics:wool_mitten":1,"minecraft:dirt":7,"minecraft:armor_stand":1,"minecraft:rotten_flesh":2,"biomesoplenty:fir_boat":1,"minecraft:chainmail_leggings":1,"minecraft:hay_block":39,"minecraft:chainmail_helmet":2,"ars_nouveau:sourceberry_bush":12,"minecraft:melon_slice":4,"minecraft:cobblestone":20,"minecraft:iron_boots":1},"minecraft:custom":{"minecraft:time_since_rest":18373,"minecraft:sprint_one_cm":31892,"minecraft:damage_taken":1085,"minecraft:walk_one_cm":96726,"minecraft:damage_blocked_by_shield":50,"minecraft:mob_kills":2,"minecraft:drop":6,"minecraft:damage_dealt":623,"minecraft:interact_with_crafting_table":4,"minecraft:swim_one_cm":12376,"minecraft:fly_one_cm":35615,"minecraft:open_chest":16,"minecraft:crouch_one_cm":1393,"minecraft:play_time":24798,"minecraft:deaths":2,"minecraft:sneak_time":798,"minecraft:walk_under_water_one_cm":958,"minecraft:boat_one_cm":99028,"minecraft:jump":216,"minecraft:leave_game":2,"minecraft:time_since_death":18323,"minecraft:walk_on_water_one_cm":6118,"minecraft:total_world_time":24798,"minecraft:climb_one_cm":5521,"minecraft:fall_one_cm":4523},"minecraft:crafted":{"biomesoplenty:fir_planks":36,"biomesoplenty:fir_boat":1,"minecraft:crafting_table":1,"minecraft:stick":16,"minecraft:wooden_pickaxe":1,"minecraft:stone_pickaxe":1,"minecraft:wooden_axe":1,"minecraft:stone_sword":1,"minecraft:stone_axe":1},"minecraft:used":{"relics:horse_flute":1,"minecraft:stone_sword":4,"minecraft:armor_stand":1,"minecraft:iron_axe":2,"alexsmobs:crocodile_egg":1,"valhelsia_furniture:red_upholstered_dark_oak_stool":1,"minecraft:wooden_pickaxe":20,"minecraft:shield":2,"biomesoplenty:fir_boat":2,"minecraft:stone_axe":51,"minecraft:iron_chestplate":1,"minecraft:dirt":3,"minecraft:crafting_table":1,"ars_nouveau:sourceberry_bush":13,"minecraft:cooked_porkchop":4,"minecraft:pumpkin":1},"minecraft:mined":{"minecraft:hay_block":41,"minecraft:pumpkin":1,"biomesoplenty:fir_log":9,"minecraft:grass":1,"minecraft:grass_block":2,"minecraft:melon":1,"biomesoplenty:fir_leaves":7,"minecraft:dirt":5,"minecraft:stone":20,"ars_nouveau:sourceberry_bush":5,"minecraft:fern":1}},"DataVersion":3465}