{"stats":{"minecraft:dropped":{"minecraft:rotten_flesh":2,"minecraft:iron_boots":1,"relics:horse_flute":1,"minecraft:chainmail_helmet":2,"minecraft:shield":1,"minecraft:flower_pot":3,"minecraft:cornflower":1,"minecraft:wooden_axe":1,"apotheosis:gem":2,"minecraft:wooden_pickaxe":1,"minecraft:chainmail_leggings":3,"relics:wool_mitten":1},"minecraft:killed":{"minecraft:zombie":2},"minecraft:killed_by":{"minecraft:husk":3},"minecraft:custom":{"minecraft:mob_kills":2,"minecraft:interact_with_crafting_table":9,"minecraft:open_barrel":1,"minecraft:leave_game":2,"minecraft:time_since_death":11054,"minecraft:climb_one_cm":7278,"minecraft:time_since_rest":11121,"minecraft:sprint_one_cm":53443,"minecraft:damage_taken":1727,"minecraft:walk_one_cm":143204,"minecraft:damage_blocked_by_shield":430,"minecraft:trigger_trapped_chest":1,"minecraft:drop":16,"minecraft:damage_dealt":914,"minecraft:swim_one_cm":18551,"minecraft:fly_one_cm":72663,"minecraft:open_chest":24,"minecraft:crouch_one_cm":1647,"minecraft:play_time":44607,"minecraft:deaths":3,"minecraft:sneak_time":851,"minecraft:walk_under_water_one_cm":1914,"minecraft:boat_one_cm":287446,"minecraft:jump":426,"minecraft:walk_on_water_one_cm":7672,"minecraft:total_world_time":44607,"minecraft:fall_one_cm":10720},"minecraft:picked_up":{"minecraft:flower_pot":3,"valhelsia_furniture:red_upholstered_dark_oak_stool":1,"biomesoplenty:fir_log":12,"minecraft:cornflower":1,"minecraft:dirt":7,"minecraft:armor_stand":1,"minecraft:item_frame":1,"biomesoplenty:fir_boat":2,"minecraft:melon_slice":11,"minecraft:iron_boots":1,"minecraft:stick":1,"apotheosis:gem":2,"minecraft:pumpkin":1,"alexsmobs:crocodile_egg":1,"relics:wool_mitten":1,"minecraft:rotten_flesh":2,"minecraft:chainmail_leggings":3,"minecraft:hay_block":45,"minecraft:chainmail_helmet":2,"ars_nouveau:sourceberry_bush":12,"minecraft:cobblestone":20},"minecraft:crafted":{"biomesoplenty:fir_boat":3,"minecraft:crafting_table":3,"minecraft:wooden_pickaxe":1,"minecraft:stone_axe":1,"biomesoplenty:fir_planks":48,"minecraft:iron_boots":1,"minecraft:stick":16,"minecraft:stone_pickaxe":1,"minecraft:wooden_axe":1,"minecraft:stone_sword":1,"minecraft:iron_leggings":1},"minecraft:used":{"minecraft:stone_sword":4,"minecraft:armor_stand":1,"minecraft:shield":24,"minecraft:wooden_pickaxe":20,"biomesoplenty:fir_boat":5,"minecraft:iron_chestplate":1,"minecraft:dirt":7,"minecraft:crafting_table":3,"relics:horse_flute":1,"minecraft:iron_axe":16,"alexsmobs:crocodile_egg":1,"valhelsia_furniture:red_upholstered_dark_oak_stool":1,"minecraft:item_frame":1,"minecraft:stone_axe":51,"minecraft:cooked_porkchop":9,"ars_nouveau:sourceberry_bush":13,"minecraft:bucket":1,"minecraft:pumpkin":1},"minecraft:mined":{"minecraft:grass_block":2,"minecraft:melon":2,"ars_nouveau:sourceberry_bush":5,"minecraft:hay_block":47,"minecraft:pumpkin":1,"biomesoplenty:fir_log":12,"minecraft:grass":1,"biomesoplenty:fir_leaves":12,"minecraft:vine":1,"minecraft:dirt":5,"minecraft:stone":20,"minecraft:fern":1}},"DataVersion":3465}