{"stats":{"minecraft:dropped":{"minecraft:wooden_axe":1,"minecraft:wooden_pickaxe":1},"minecraft:killed_by":{"minecraft:husk":2},"minecraft:picked_up":{"biomesoplenty:fir_log":9,"minecraft:dirt":7,"ars_nouveau:sourceberry_bush":12,"minecraft:cobblestone":20},"minecraft:custom":{"minecraft:time_since_rest":3889,"minecraft:sprint_one_cm":18874,"minecraft:damage_taken":810,"minecraft:walk_one_cm":43223,"minecraft:drop":2,"minecraft:damage_dealt":72,"minecraft:swim_one_cm":1036,"minecraft:interact_with_crafting_table":4,"minecraft:fly_one_cm":26093,"minecraft:open_chest":1,"minecraft:crouch_one_cm":707,"minecraft:play_time":10314,"minecraft:deaths":2,"minecraft:sneak_time":113,"minecraft:walk_under_water_one_cm":433,"minecraft:boat_one_cm":25772,"minecraft:jump":125,"minecraft:time_since_death":3839,"minecraft:walk_on_water_one_cm":1672,"minecraft:total_world_time":10314,"minecraft:fall_one_cm":4523},"minecraft:used":{"minecraft:wooden_pickaxe":20,"biomesoplenty:fir_boat":1,"minecraft:iron_chestplate":1,"minecraft:crafting_table":1,"ars_nouveau:sourceberry_bush":13},"minecraft:crafted":{"biomesoplenty:fir_planks":36,"biomesoplenty:fir_boat":1,"minecraft:crafting_table":1,"minecraft:stick":16,"minecraft:wooden_pickaxe":1,"minecraft:stone_pickaxe":1,"minecraft:wooden_axe":1,"minecraft:stone_sword":1,"minecraft:stone_axe":1},"minecraft:mined":{"biomesoplenty:fir_log":9,"minecraft:grass_block":2,"biomesoplenty:fir_leaves":7,"minecraft:dirt":5,"ars_nouveau:sourceberry_bush":5,"minecraft:stone":20,"minecraft:fern":1}},"DataVersion":3465}