{"stats":{"minecraft:custom":{"minecraft:mob_kills":23,"minecraft:interact_with_crafting_table":11,"minecraft:open_barrel":13,"minecraft:leave_game":2,"minecraft:time_since_death":40556,"minecraft:climb_one_cm":12825,"minecraft:time_since_rest":40623,"minecraft:sprint_one_cm":98417,"minecraft:damage_taken":2194,"minecraft:walk_one_cm":214442,"minecraft:damage_blocked_by_shield":430,"minecraft:trigger_trapped_chest":1,"minecraft:drop":22,"minecraft:damage_dealt":6003,"minecraft:swim_one_cm":64483,"minecraft:fly_one_cm":127712,"minecraft:open_chest":51,"minecraft:crouch_one_cm":1647,"minecraft:play_time":74109,"minecraft:deaths":3,"minecraft:sneak_time":917,"minecraft:walk_under_water_one_cm":6271,"minecraft:boat_one_cm":529440,"minecraft:jump":749,"minecraft:walk_on_water_one_cm":15877,"minecraft:total_world_time":74109,"minecraft:fall_one_cm":17768},"minecraft:dropped":{"minecraft:kelp":12,"minecraft:rotten_flesh":2,"minecraft:iron_boots":2,"relics:horse_flute":1,"immersive_armors:robe_chestplate":1,"minecraft:chainmail_helmet":2,"supplementaries:ash":1,"minecraft:shield":1,"minecraft:flower_pot":3,"minecraft:cornflower":1,"minecraft:mutton":4,"minecraft:wooden_axe":1,"apotheosis:gem":3,"minecraft:wooden_pickaxe":1,"minecraft:chainmail_leggings":3,"relics:wool_mitten":1},"minecraft:picked_up":{"minecraft:flower_pot":3,"valhelsia_furniture:red_upholstered_dark_oak_stool":1,"biomesoplenty:fir_log":12,"minecraft:gold_block":1,"minecraft:cornflower":1,"minecraft:dirt":7,"minecraft:armor_stand":1,"minecraft:item_frame":1,"minecraft:zombie_head":1,"minecraft:kelp":12,"biomesoplenty:fir_boat":5,"minecraft:melon_slice":20,"minecraft:coal_block":3,"minecraft:oak_planks":2,"minecraft:iron_boots":1,"minecraft:stick":1,"minecraft:raw_iron":3,"apotheosis:gem":3,"minecraft:pumpkin":1,"alexsmobs:crocodile_egg":1,"relics:wool_mitten":1,"minecraft:rotten_flesh":4,"waystones:waystone":1,"minecraft:chainmail_leggings":3,"minecraft:hay_block":51,"supplementaries:ash":1,"minecraft:emerald":1,"minecraft:chainmail_helmet":2,"ars_nouveau:sourceberry_bush":12,"minecraft:netherrack":4,"minecraft:mutton":4,"minecraft:white_wool":3,"minecraft:cobblestone":20},"minecraft:killed":{"minecraft:vindicator":1,"minecraft:sheep":3,"minecraft:pillager":16,"minecraft:zombie":3},"minecraft:used":{"minecraft:stone_sword":4,"minecraft:armor_stand":1,"minecraft:oak_planks":2,"minecraft:wooden_pickaxe":20,"minecraft:shield":24,"minecraft:iron_sword":37,"biomesoplenty:fir_boat":7,"minecraft:netherrack":4,"minecraft:iron_chestplate":1,"minecraft:dirt":7,"minecraft:crafting_table":3,"relics:horse_flute":1,"minecraft:iron_axe":37,"alexsmobs:crocodile_egg":1,"minecraft:iron_pickaxe":14,"valhelsia_furniture:red_upholstered_dark_oak_stool":1,"minecraft:item_frame":1,"minecraft:stone_axe":51,"minecraft:cobblestone":2,"ars_nouveau:sourceberry_bush":13,"minecraft:cooked_porkchop":11,"minecraft:bucket":1,"minecraft:cooked_beef":4,"minecraft:pumpkin":1},"minecraft:crafted":{"minecraft:coal":27,"biomesoplenty:fir_boat":3,"minecraft:crafting_table":3,"minecraft:wooden_pickaxe":1,"minecraft:stone_axe":1,"biomesoplenty:fir_planks":48,"minecraft:iron_boots":1,"minecraft:stick":16,"minecraft:stone_pickaxe":1,"minecraft:wooden_axe":1,"minecraft:stone_sword":1,"minecraft:iron_leggings":1,"minecraft:gold_ingot":9},"minecraft:killed_by":{"minecraft:husk":3},"minecraft:mined":{"minecraft:grass_block":2,"minecraft:melon":4,"minecraft:coal_block":3,"ars_nouveau:sourceberry_bush":5,"minecraft:oak_planks":2,"minecraft:spawner":2,"minecraft:hay_block":53,"minecraft:iron_ore":3,"minecraft:pumpkin":1,"biomesoplenty:fir_log":12,"minecraft:gold_block":1,"minecraft:grass":1,"biomesoplenty:fir_leaves":12,"minecraft:vine":1,"minecraft:dirt":5,"minecraft:stone":20,"minecraft:netherrack":4,"minecraft:oak_leaves":1,"minecraft:fern":1}},"DataVersion":3465}