{"stats":{"minecraft:dropped":{"minecraft:kelp":12,"minecraft:rotten_flesh":2,"minecraft:iron_boots":1,"relics:horse_flute":1,"minecraft:chainmail_helmet":2,"minecraft:shield":1,"minecraft:flower_pot":3,"minecraft:cornflower":1,"minecraft:mutton":4,"minecraft:wooden_axe":1,"apotheosis:gem":2,"minecraft:wooden_pickaxe":1,"minecraft:chainmail_leggings":3,"relics:wool_mitten":1},"minecraft:killed":{"minecraft:sheep":3,"minecraft:zombie":3},"minecraft:killed_by":{"minecraft:husk":3},"minecraft:custom":{"minecraft:mob_kills":6,"minecraft:interact_with_crafting_table":9,"minecraft:open_barrel":5,"minecraft:leave_game":2,"minecraft:time_since_death":23054,"minecraft:climb_one_cm":7278,"minecraft:time_since_rest":23121,"minecraft:sprint_one_cm":74143,"minecraft:damage_taken":1817,"minecraft:walk_one_cm":162329,"minecraft:damage_blocked_by_shield":430,"minecraft:trigger_trapped_chest":1,"minecraft:drop":18,"minecraft:damage_dealt":1354,"minecraft:swim_one_cm":22575,"minecraft:fly_one_cm":100098,"minecraft:open_chest":25,"minecraft:crouch_one_cm":1647,"minecraft:play_time":56607,"minecraft:deaths":3,"minecraft:sneak_time":866,"minecraft:walk_under_water_one_cm":2254,"minecraft:boat_one_cm":529440,"minecraft:jump":568,"minecraft:walk_on_water_one_cm":9466,"minecraft:total_world_time":56607,"minecraft:fall_one_cm":14656},"minecraft:picked_up":{"minecraft:flower_pot":3,"valhelsia_furniture:red_upholstered_dark_oak_stool":1,"biomesoplenty:fir_log":12,"minecraft:cornflower":1,"minecraft:dirt":7,"minecraft:armor_stand":1,"minecraft:item_frame":1,"minecraft:zombie_head":1,"minecraft:kelp":12,"biomesoplenty:fir_boat":5,"minecraft:melon_slice":11,"minecraft:iron_boots":1,"minecraft:stick":1,"apotheosis:gem":2,"minecraft:pumpkin":1,"alexsmobs:crocodile_egg":1,"relics:wool_mitten":1,"minecraft:rotten_flesh":4,"minecraft:chainmail_leggings":3,"minecraft:hay_block":45,"minecraft:chainmail_helmet":2,"ars_nouveau:sourceberry_bush":12,"minecraft:mutton":4,"minecraft:white_wool":3,"minecraft:cobblestone":20},"minecraft:crafted":{"biomesoplenty:fir_boat":3,"minecraft:crafting_table":3,"minecraft:wooden_pickaxe":1,"minecraft:stone_axe":1,"biomesoplenty:fir_planks":48,"minecraft:iron_boots":1,"minecraft:stick":16,"minecraft:stone_pickaxe":1,"minecraft:wooden_axe":1,"minecraft:stone_sword":1,"minecraft:iron_leggings":1},"minecraft:used":{"minecraft:stone_sword":4,"minecraft:armor_stand":1,"minecraft:shield":24,"minecraft:wooden_pickaxe":20,"biomesoplenty:fir_boat":7,"minecraft:iron_chestplate":1,"minecraft:dirt":7,"minecraft:crafting_table":3,"relics:horse_flute":1,"minecraft:iron_axe":23,"minecraft:iron_pickaxe":2,"alexsmobs:crocodile_egg":1,"valhelsia_furniture:red_upholstered_dark_oak_stool":1,"minecraft:item_frame":1,"minecraft:stone_axe":51,"minecraft:cooked_porkchop":10,"ars_nouveau:sourceberry_bush":13,"minecraft:bucket":1,"minecraft:pumpkin":1},"minecraft:mined":{"minecraft:grass_block":2,"minecraft:melon":2,"ars_nouveau:sourceberry_bush":5,"minecraft:spawner":1,"minecraft:hay_block":47,"minecraft:pumpkin":1,"biomesoplenty:fir_log":12,"minecraft:gold_block":1,"minecraft:grass":1,"biomesoplenty:fir_leaves":12,"minecraft:vine":1,"minecraft:dirt":5,"minecraft:stone":20,"minecraft:fern":1}},"DataVersion":3465}