{"stats":{"minecraft:custom":{"minecraft:jump":71,"minecraft:time_since_rest":15814,"minecraft:crouch_one_cm":26,"minecraft:leave_game":2,"minecraft:play_time":15814,"minecraft:sprint_one_cm":6823,"minecraft:time_since_death":15814,"minecraft:walk_on_water_one_cm":572,"minecraft:walk_one_cm":6055,"minecraft:sneak_time":75,"minecraft:total_world_time":15814,"minecraft:walk_under_water_one_cm":7516,"minecraft:fly_one_cm":217666},"minecraft:used":{"monsters_and_girls:brown_mushroom_gal_spawn_egg":1}},"DataVersion":3465}