{"stats":{"minecraft:custom":{"minecraft:jump":96,"minecraft:time_since_rest":27814,"minecraft:damage_dealt":428,"minecraft:crouch_one_cm":262,"minecraft:leave_game":2,"minecraft:play_time":27814,"minecraft:sprint_one_cm":9474,"minecraft:time_since_death":27814,"minecraft:walk_on_water_one_cm":572,"minecraft:walk_one_cm":25215,"minecraft:sneak_time":183,"minecraft:total_world_time":27814,"minecraft:walk_under_water_one_cm":7516,"minecraft:fall_one_cm":209,"minecraft:fly_one_cm":296001},"minecraft:used":{"monsters_and_girls:soul_wanderer_gal_spawn_egg":1,"monsters_and_girls:brown_mushroom_gal_spawn_egg":1,"simplyswords:ribboncleaver":5,"man_of_many_planes:economy_plane":1,"man_of_many_planes:scarlet_biplane":1}},"DataVersion":3465}