{"stats":{"minecraft:custom":{"minecraft:time_since_rest":35147,"minecraft:crouch_one_cm":397,"minecraft:sprint_one_cm":14655,"minecraft:play_time":35147,"minecraft:sneak_time":221,"minecraft:walk_one_cm":41112,"minecraft:walk_under_water_one_cm":7516,"minecraft:mob_kills":1,"minecraft:jump":131,"minecraft:damage_dealt":625,"minecraft:leave_game":3,"minecraft:walk_on_water_one_cm":572,"minecraft:time_since_death":35147,"minecraft:total_world_time":35147,"minecraft:fall_one_cm":209,"minecraft:fly_one_cm":434848},"minecraft:picked_up":{"minecraft:cyan_carpet":2,"minecraft:warped_sign":1},"minecraft:killed":{"alexsmobs:fly":1},"minecraft:used":{"bosses_of_mass_destruction:earthdive_spear":3,"monsters_and_girls:brown_mushroom_gal_spawn_egg":1,"man_of_many_planes:scarlet_biplane":1,"simplyswords:tempest":17,"monsters_and_girls:soul_wanderer_gal_spawn_egg":1,"simplyswords:ribboncleaver":5,"man_of_many_planes:economy_plane":1}},"DataVersion":3465}