{"stats":{"minecraft:picked_up":{"minecraft:birch_log":1,"minecraft:dirt":4},"minecraft:dropped":{"minecraft:dirt":3},"minecraft:custom":{"minecraft:jump":87,"minecraft:leave_game":3,"minecraft:play_time":4768,"minecraft:sprint_one_cm":14871,"minecraft:damage_taken":70,"minecraft:time_since_death":4768,"minecraft:walk_one_cm":6437,"minecraft:total_world_time":4768,"minecraft:fall_one_cm":4636,"minecraft:drop":3,"minecraft:fly_one_cm":20067,"minecraft:time_since_rest":4768},"minecraft:used":{"minecraft:birch_log":1,"minecraft:dirt":1},"minecraft:mined":{"minecraft:birch_log":1,"minecraft:grass_block":1}},"DataVersion":3465}