{"stats":{"minecraft:broken":{"minecraft:stone_axe":1},"minecraft:picked_up":{"minecraft:iron_chestplate":1,"minecraft:green_bed":2,"valhelsia_furniture:spruce_desk_drawer":1,"farmersdelight:tomato_seeds":14,"farmersdelight:tomato":28,"minecraft:iron_shovel":1,"minecraft:stone_axe":1,"farmersdelight:onion":49,"farmersdelight:cabbage":12,"minecraft:stone_pickaxe":1,"minecraft:saddle":1,"minecraft:bread":34,"monsters_and_girls:snowball_log":67,"minecraft:melon_slice":11,"minecraft:chest":1,"minecraft:oak_planks":20,"minecraft:iron_sword":1,"farmersdelight:cabbage_seeds":27},"minecraft:custom":{"minecraft:time_since_rest":2956,"minecraft:sprint_one_cm":12841,"minecraft:damage_taken":224,"minecraft:walk_one_cm":63344,"minecraft:damage_dealt":47,"minecraft:fly_one_cm":15545,"minecraft:open_barrel":5,"minecraft:open_chest":7,"minecraft:play_time":19654,"minecraft:walk_under_water_one_cm":76,"minecraft:jump":88,"minecraft:time_since_death":19654,"minecraft:walk_on_water_one_cm":1354,"minecraft:leave_game":4,"minecraft:sleep_in_bed":1,"minecraft:total_world_time":19654,"minecraft:fall_one_cm":832},"minecraft:used":{"farmersdelight:tomato":3,"minecraft:melon_slice":3,"minecraft:stone_pickaxe":6,"minecraft:iron_chestplate":1,"minecraft:stone_axe":72,"alexsmobs:animal_dictionary":1},"minecraft:mined":{"minecraft:powder_snow":56,"valhelsia_furniture:spruce_desk_drawer":1,"monsters_and_girls:snowball_log":56,"minecraft:melon":2,"biomesoplenty:fir_leaves":1,"minecraft:chest":1,"minecraft:green_bed":1}},"DataVersion":3465}