{"stats":{"minecraft:custom":{"minecraft:interact_with_furnace":1,"minecraft:mob_kills":1,"minecraft:interact_with_crafting_table":1,"minecraft:open_barrel":5,"minecraft:leave_game":5,"minecraft:time_since_death":58314,"minecraft:sleep_in_bed":3,"minecraft:climb_one_cm":2576,"minecraft:time_since_rest":4212,"minecraft:sprint_one_cm":106911,"minecraft:damage_taken":287,"minecraft:walk_one_cm":280370,"minecraft:drop":8,"minecraft:damage_dealt":127,"minecraft:fly_one_cm":67570,"minecraft:open_chest":15,"minecraft:crouch_one_cm":201,"minecraft:play_time":58314,"minecraft:sneak_time":258,"minecraft:walk_under_water_one_cm":1289,"minecraft:jump":469,"minecraft:walk_on_water_one_cm":4843,"minecraft:total_world_time":58314,"minecraft:fall_one_cm":2016},"minecraft:dropped":{"minecraft:dark_oak_sign":2,"farmersdelight:cabbage":5,"minecraft:wooden_axe":1},"minecraft:picked_up":{"minecraft:wooden_axe":1,"minecraft:iron_chestplate":1,"minecraft:crafting_table":1,"minecraft:brown_bed":1,"minecraft:oak_log":3,"farmersdelight:tomato":28,"minecraft:dirt":113,"minecraft:iron_shovel":1,"minecraft:wheat_seeds":1,"farmersdelight:cabbage":14,"minecraft:stone_pickaxe":1,"minecraft:dark_oak_sign":2,"monsters_and_girls:snowball_log":91,"minecraft:melon_slice":11,"minecraft:chest":1,"minecraft:iron_sword":1,"minecraft:oak_planks":20,"farmersdelight:cabbage_seeds":27,"minecraft:furnace":1,"minecraft:green_bed":4,"valhelsia_furniture:spruce_desk_drawer":1,"farmersdelight:tomato_seeds":14,"minecraft:cherry_log":9,"minecraft:stone_axe":1,"farmersdelight:onion":49,"monsters_and_girls:snowball_mushroom":3,"minecraft:saddle":1,"minecraft:bread":34,"biomesoplenty:white_petals":2},"minecraft:killed":{"alexsmobs:seagull":1},"minecraft:broken":{"minecraft:stone_axe":1},"minecraft:used":{"monsters_and_girls:snowball_mushroom":1,"minecraft:iron_shovel":115,"minecraft:stone_pickaxe":9,"farmersdelight:cabbage":1,"minecraft:iron_sword":1,"minecraft:green_bed":3,"minecraft:iron_chestplate":1,"minecraft:dirt":93,"minecraft:crafting_table":1,"minecraft:oak_log":1,"minecraft:wooden_axe":39,"farmersdelight:tomato":3,"minecraft:melon_slice":3,"minecraft:bread":6,"minecraft:stone_axe":72,"alexsmobs:animal_dictionary":1},"minecraft:crafted":{"minecraft:crafting_table":1,"minecraft:stick":8,"minecraft:wooden_axe":2},"minecraft:mined":{"minecraft:cherry_log":9,"minecraft:powder_snow":57,"minecraft:crafting_table":1,"minecraft:grass_block":102,"monsters_and_girls:snowball_mushroom":3,"minecraft:melon":2,"minecraft:chest":1,"biomesoplenty:white_petals":1,"biomesoplenty:huge_clover_petal":8,"minecraft:furnace":1,"biomesoplenty:maple_leaves":2,"valhelsia_furniture:spruce_desk_drawer":1,"minecraft:brown_bed":1,"monsters_and_girls:snowball_log":81,"minecraft:grass":2,"biomesoplenty:clover":6,"minecraft:oak_log":3,"minecraft:vine":2,"biomesoplenty:fir_leaves":1,"minecraft:dirt":15,"minecraft:green_bed":3,"minecraft:fern":2}},"DataVersion":3465}