{"stats":{"minecraft:picked_up":{"minecraft:iron_chestplate":1,"farmersdelight:onion":49,"farmersdelight:cabbage":12,"minecraft:stone_pickaxe":1,"farmersdelight:tomato_seeds":14,"minecraft:bread":34,"minecraft:chest":1,"farmersdelight:tomato":28,"farmersdelight:cabbage_seeds":27},"minecraft:custom":{"minecraft:time_since_rest":11641,"minecraft:open_chest":5,"minecraft:play_time":11641,"minecraft:damage_taken":190,"minecraft:walk_one_cm":28662,"minecraft:walk_under_water_one_cm":76,"minecraft:jump":21,"minecraft:damage_dealt":47,"minecraft:leave_game":3,"minecraft:walk_on_water_one_cm":1202,"minecraft:time_since_death":11641,"minecraft:total_world_time":11641,"minecraft:fly_one_cm":489},"minecraft:used":{"minecraft:iron_chestplate":1,"farmersdelight:tomato":3,"minecraft:stone_pickaxe":6,"alexsmobs:animal_dictionary":1},"minecraft:mined":{"minecraft:chest":1,"biomesoplenty:fir_leaves":1,"minecraft:powder_snow":7}},"DataVersion":3465}