{"stats":{"minecraft:dropped":{"minecraft:wooden_axe":1},"minecraft:killed":{"alexsmobs:seagull":1},"minecraft:broken":{"minecraft:stone_axe":1},"minecraft:custom":{"minecraft:time_since_rest":13133,"minecraft:sprint_one_cm":88819,"minecraft:damage_taken":263,"minecraft:walk_one_cm":190987,"minecraft:mob_kills":1,"minecraft:drop":1,"minecraft:damage_dealt":127,"minecraft:interact_with_crafting_table":1,"minecraft:fly_one_cm":63735,"minecraft:open_barrel":5,"minecraft:open_chest":11,"minecraft:crouch_one_cm":27,"minecraft:play_time":41495,"minecraft:sneak_time":17,"minecraft:walk_under_water_one_cm":773,"minecraft:jump":401,"minecraft:leave_game":4,"minecraft:walk_on_water_one_cm":4364,"minecraft:time_since_death":41495,"minecraft:sleep_in_bed":2,"minecraft:climb_one_cm":298,"minecraft:total_world_time":41495,"minecraft:fall_one_cm":2016},"minecraft:picked_up":{"minecraft:wooden_axe":1,"minecraft:crafting_table":1,"minecraft:iron_chestplate":1,"minecraft:green_bed":3,"valhelsia_furniture:spruce_desk_drawer":1,"farmersdelight:tomato_seeds":14,"minecraft:cherry_log":9,"farmersdelight:tomato":28,"minecraft:iron_shovel":1,"minecraft:stone_axe":1,"farmersdelight:onion":49,"farmersdelight:cabbage":12,"minecraft:stone_pickaxe":1,"monsters_and_girls:snowball_mushroom":3,"minecraft:saddle":1,"biomesoplenty:white_petals":2,"minecraft:bread":34,"monsters_and_girls:snowball_log":91,"minecraft:melon_slice":11,"minecraft:chest":1,"minecraft:oak_planks":20,"minecraft:iron_sword":1,"farmersdelight:cabbage_seeds":27,"minecraft:furnace":1},"minecraft:crafted":{"minecraft:crafting_table":1,"minecraft:stick":8,"minecraft:wooden_axe":2},"minecraft:used":{"monsters_and_girls:snowball_mushroom":1,"minecraft:wooden_axe":39,"farmersdelight:tomato":3,"minecraft:iron_shovel":1,"minecraft:bread":6,"minecraft:melon_slice":3,"minecraft:stone_pickaxe":8,"minecraft:iron_sword":1,"minecraft:green_bed":1,"minecraft:iron_chestplate":1,"minecraft:stone_axe":72,"minecraft:crafting_table":1,"alexsmobs:animal_dictionary":1},"minecraft:mined":{"minecraft:furnace":1,"minecraft:cherry_log":9,"biomesoplenty:maple_leaves":2,"minecraft:powder_snow":57,"minecraft:crafting_table":1,"valhelsia_furniture:spruce_desk_drawer":1,"monsters_and_girls:snowball_log":81,"monsters_and_girls:snowball_mushroom":3,"minecraft:melon":2,"biomesoplenty:fir_leaves":1,"minecraft:chest":1,"biomesoplenty:white_petals":1,"minecraft:green_bed":2}},"DataVersion":3465}