{"stats":{"minecraft:dropped":{"minecraft:wooden_axe":1},"minecraft:killed":{"alexsmobs:seagull":1},"minecraft:broken":{"minecraft:stone_axe":1},"minecraft:custom":{"minecraft:time_since_rest":1133,"minecraft:sprint_one_cm":42838,"minecraft:damage_taken":224,"minecraft:walk_one_cm":118903,"minecraft:mob_kills":1,"minecraft:drop":1,"minecraft:damage_dealt":127,"minecraft:interact_with_crafting_table":1,"minecraft:fly_one_cm":33479,"minecraft:open_barrel":5,"minecraft:open_chest":8,"minecraft:play_time":29495,"minecraft:walk_under_water_one_cm":76,"minecraft:jump":180,"minecraft:leave_game":4,"minecraft:walk_on_water_one_cm":1354,"minecraft:time_since_death":29495,"minecraft:sleep_in_bed":2,"minecraft:climb_one_cm":298,"minecraft:total_world_time":29495,"minecraft:fall_one_cm":1105},"minecraft:picked_up":{"minecraft:wooden_axe":1,"minecraft:crafting_table":1,"minecraft:iron_chestplate":1,"minecraft:green_bed":3,"valhelsia_furniture:spruce_desk_drawer":1,"farmersdelight:tomato_seeds":14,"farmersdelight:tomato":28,"minecraft:iron_shovel":1,"minecraft:stone_axe":1,"farmersdelight:onion":49,"farmersdelight:cabbage":12,"minecraft:stone_pickaxe":1,"monsters_and_girls:snowball_mushroom":2,"minecraft:saddle":1,"minecraft:bread":34,"monsters_and_girls:snowball_log":91,"minecraft:melon_slice":11,"minecraft:chest":1,"minecraft:oak_planks":20,"minecraft:iron_sword":1,"farmersdelight:cabbage_seeds":27},"minecraft:crafted":{"minecraft:crafting_table":1,"minecraft:stick":8,"minecraft:wooden_axe":2},"minecraft:used":{"monsters_and_girls:snowball_mushroom":1,"minecraft:wooden_axe":27,"farmersdelight:tomato":3,"minecraft:melon_slice":3,"minecraft:stone_pickaxe":7,"minecraft:iron_sword":1,"minecraft:green_bed":1,"minecraft:iron_chestplate":1,"minecraft:stone_axe":72,"minecraft:crafting_table":1,"alexsmobs:animal_dictionary":1},"minecraft:mined":{"minecraft:powder_snow":57,"minecraft:crafting_table":1,"valhelsia_furniture:spruce_desk_drawer":1,"monsters_and_girls:snowball_log":81,"monsters_and_girls:snowball_mushroom":2,"minecraft:melon":2,"biomesoplenty:fir_leaves":1,"minecraft:chest":1,"minecraft:green_bed":2}},"DataVersion":3465}